URL,Category
https://www.improveitmd.com,Main Pages
https://www.improveitmd.com/about,Main Pages
https://www.improveitmd.com/blog,Main Pages
https://www.improveitmd.com/contact,Main Pages
https://www.improveitmd.com/gallery,Main Pages
https://www.improveitmd.com/team,Main Pages
https://www.improveitmd.com/testimonials,Main Pages
https://www.improveitmd.com/warranty,Main Pages
https://www.improveitmd.com/financing,Main Pages
https://www.improveitmd.com/quote,Main Pages
https://www.improveitmd.com/quote-requested,Main Pages
https://www.improveitmd.com/roofing,Service Pages
https://www.improveitmd.com/roofing/asphalt-roofing,Service Pages
https://www.improveitmd.com/roofing/commercial-roofing,Service Pages
https://www.improveitmd.com/roofing/flat-roofing,Service Pages
https://www.improveitmd.com/roofing/metal-roofing,Service Pages
https://www.improveitmd.com/roofing-cost-calculator,Service Pages
https://www.improveitmd.com/commercial-roof-cost-calculator,Service Pages
https://www.improveitmd.com/siding,Service Pages
https://www.improveitmd.com/siding/james-hardie,Service Pages
https://www.improveitmd.com/siding/vinyl,Service Pages
https://www.improveitmd.com/windows,Service Pages
https://www.improveitmd.com/doors,Service Pages
https://www.improveitmd.com/gutters,Service Pages
https://www.improveitmd.com/exterior-trim,Service Pages
https://www.improveitmd.com/decks-and-patios,Service Pages
https://www.improveitmd.com/deck-and-patios/rooftop-decks,Service Pages
https://www.improveitmd.com/deck-and-patios/ipe-deck-builder,Service Pages
https://www.improveitmd.com/deck-and-patios/flagstone-patios,Service Pages
https://www.improveitmd.com/locations,Location Pages
https://www.improveitmd.com/locations/bowie,Location Pages
https://www.improveitmd.com/locations/crownsville,Location Pages
https://www.improveitmd.com/locations/gaithersburg,Location Pages
https://www.improveitmd.com/locations/washington-dc,Location Pages
https://www.improveitmd.com/service-areas,Location Pages
https://www.improveitmd.com/upper-marlboro-maryland,Location Pages
https://www.improveitmd.com/roofing-siding-contractors-near-you-in-crofton-md,Specific City Service Pages
https://www.improveitmd.com/roofing-siding-contractors-near-you-laurel,Specific City Service Pages
https://www.improveitmd.com/roofing-siding-contractors-near-you-silver-spring,Specific City Service Pages
https://www.improveitmd.com/clinton-maryland-roofing-siding-gutter-contractors-near-me,Specific City Service Pages
https://www.improveitmd.com/clinton-maryland-replacement-windows-and-door-company-near-me,Specific City Service Pages
https://www.improveitmd.com/blog/should-you-rent-or-sell-or-renovate-a-home-you-inherited,Blog Posts
https://www.improveitmd.com/blog/10-tips-for-hiring-a-flat-roofing-contractor,Blog Posts
https://www.improveitmd.com/blog/commercial-roof-tax-credits,Blog Posts
https://www.improveitmd.com/blog/comprehensive-guide-to-flat-roofs-for-homes-materials-application-design-more,Blog Posts
https://www.improveitmd.com/blog/drafty-windows-and-doors,Blog Posts
https://www.improveitmd.com/blog/flat-commercial-roof-cost-calculator-and-quoting-tool,Blog Posts
https://www.improveitmd.com/blog/flat-roof-replacement-vs-repair-when-to-repair-and-when-to-replace-your-flat-roof,Blog Posts
https://www.improveitmd.com/blog/homeowners-insurance-cancelled-because-of-roof,Blog Posts
https://www.improveitmd.com/blog/how-long-does-a-roof-last-everything-you-need-to-know,Blog Posts
https://www.improveitmd.com/blog/how-much-does-a-maryland-roof-replacement-cost,Blog Posts
https://www.improveitmd.com/blog/how-to-file-a-roof-insurance-claim-step-by-step,Blog Posts
https://www.improveitmd.com/blog/how-to-get-insurance-to-pay-for-your-roof-replacement,Blog Posts
https://www.improveitmd.com/blog/how-to-never-paint-your-exterior-trim-again-50-years-or-more,Blog Posts
https://www.improveitmd.com/blog/managing-roof-leaks,Blog Posts
https://www.improveitmd.com/blog/most-popular-james-hardie-siding-colors,Blog Posts
https://www.improveitmd.com/blog/pvc-coated-aluminum-vs-vinyl-trim-wrap-which-is-better,Blog Posts
https://www.improveitmd.com/blog/roof-financing-made-easy-heres-how-you-can-pay-for-a-new-roof,Blog Posts
https://www.improveitmd.com/blog/roofing-cost-calculator-va,Blog Posts
https://www.improveitmd.com/blog/roofing-cost-calculator-washington-dc,Blog Posts
https://www.improveitmd.com/blog/time-for-a-new-roof-10-signs-your-roof-needs-to-be-replaced,Blog Posts
https://www.improveitmd.com/blog/torch-down-roofing-guide-materials-installation-benefits-and-disadvantages,Blog Posts
https://www.improveitmd.com/blog/unique-james-hardie-siding-colors,Blog Posts
https://www.improveitmd.com/blog/what-is-a-rubber-roof-your-ultimate-guide-to-rubber-roofing,Blog Posts
https://www.improveitmd.com/blog/what-is-the-best-time-of-year-to-replace-your-roof,Blog Posts
https://www.improveitmd.com/blog/what-is-tpo-roofing-everything-you-need-to-know-about-tpo,Blog Posts
https://www.improveitmd.com/blog/what-to-do-about-a-maryland-storm-damaged-roof,Blog Posts
https://www.improveitmd.com/blog/when-to-file-a-roof-insurance-claim,Blog Posts
https://www.improveitmd.com/videos/siding-ideas,Videos
https://www.improveitmd.com/videos/how-much-does-a-new-roof-cost,Videos
https://www.improveitmd.com/videos/flat-roofing-in-washington-dc,Videos
https://www.improveitmd.com/timbertech/timbertech-reserve-driftwood,TimberTech Pages
https://www.improveitmd.com/timbertech/timbertech-reserve-dark-roast,TimberTech Pages
https://www.improveitmd.com/timbertech/timbertech-harvest-slate-gray,TimberTech Pages
https://www.improveitmd.com/timbertech/timbertech-prime-coconut-husk,TimberTech Pages
https://www.improveitmd.com/timbertech/timbertech-prime-dark-cocoa,TimberTech Pages
https://www.improveitmd.com/timbertech/timbertech-prime-sea-salt-gray,TimberTech Pages
https://www.improveitmd.com/timbertech/timbertech-vintage-english-walnut,TimberTech Pages
https://www.improveitmd.com/timbertech/timbertech-vintage-mahogany,TimberTech Pages
https://www.improveitmd.com/timbertech/timbertech-vintage-weathered-teak,TimberTech Pages
https://www.improveitmd.com/timbertech/timbertech-vintage-coastline,TimberTech Pages
https://www.improveitmd.com/siding/james-hardie/aged-pewter,James Hardie Siding Colors
https://www.improveitmd.com/siding/james-hardie/arctic-white,James Hardie Siding Colors
https://www.improveitmd.com/siding/james-hardie/boothbay-blue,James Hardie Siding Colors
https://www.improveitmd.com/siding/james-hardie/cobblestone,James Hardie Siding Colors
https://www.improveitmd.com/siding/james-hardie/country-lane-red,James Hardie Siding Colors
https://www.improveitmd.com/siding/james-hardie/deep-ocean,James Hardie Siding Colors
https://www.improveitmd.com/siding/james-hardie/evening-blue,James Hardie Siding Colors
https://www.improveitmd.com/siding/james-hardie/gray-slate,James Hardie Siding Colors
https://www.improveitmd.com/siding/james-hardie/heathered-moss,James Hardie Siding Colors
https://www.improveitmd.com/siding/james-hardie/iron-gray,James Hardie Siding Colors
https://www.improveitmd.com/siding/james-hardie/khaki-brown,James Hardie Siding Colors
https://www.improveitmd.com/siding/james-hardie/light-mist,James Hardie Siding Colors
https://www.improveitmd.com/siding/james-hardie/monterey-taupe,James Hardie Siding Colors
https://www.improveitmd.com/siding/james-hardie/mountain-sage,James Hardie Siding Colors
https://www.improveitmd.com/siding/james-hardie/night-gray,James Hardie Siding Colors
https://www.improveitmd.com/siding/james-hardie/pearl-gray,James Hardie Siding Colors
https://www.improveitmd.com/siding/james-hardie/rich-espresso,James Hardie Siding Colors
https://www.improveitmd.com/siding/james-hardie/timber-bark,James Hardie Siding Colors
https://www.improveitmd.com/siding/james-hardie/woodstock-brown,James Hardie Siding Colors
https://www.improveitmd.com/lp/bbb,Landing Pages
https://www.improveitmd.com/lp/austin,Landing Pages
https://www.improveitmd.com/lp/da-fr-dc,Landing Pages
https://www.improveitmd.com/lp/da-r-dc,Landing Pages
https://www.improveitmd.com/lp/da-r-md,Landing Pages
https://www.improveitmd.com/lp/da-s,Landing Pages
https://www.improveitmd.com/lp/decks,Landing Pages
https://www.improveitmd.com/lp/doors,Landing Pages
https://www.improveitmd.com/lp/exterior-trim,Landing Pages
https://www.improveitmd.com/lp/family-owned,Landing Pages
https://www.improveitmd.com/lp/flat-roofing,Landing Pages
https://www.improveitmd.com/lp/james-hardie-r,Landing Pages
https://www.improveitmd.com/lp/metal-roofing,Landing Pages
https://www.improveitmd.com/lp/patios-hardscapes,Landing Pages
https://www.improveitmd.com/lp/roofing-financing,Landing Pages
https://www.improveitmd.com/lp/roofing-insurance,Landing Pages
https://www.improveitmd.com/lp/roofing-local,Landing Pages
https://www.improveitmd.com/lp/rooftop-decks,Landing Pages
https://www.improveitmd.com/lp/rubber-roofing,Landing Pages
https://www.improveitmd.com/lp/siding-financing,Landing Pages
https://www.improveitmd.com/lp/siding-local,Landing Pages
https://www.improveitmd.com/lp/tpo-roofing,Landing Pages
https://www.improveitmd.com/sales/events,Sales Pages
https://www.improveitmd.com/sales/jobsite,Sales Pages
https://www.improveitmd.com/sales/justin,Sales Pages
https://www.improveitmd.com/sales/quam,Sales Pages
https://www.improveitmd.com/sales/social,Sales Pages
https://www.improveitmd.com/land/family-farmland,Miscellaneous Pages
https://www.improveitmd.com/services/maryland-deck-builders-near-you,Service Area Pages
https://www.improveitmd.com/services/maryland-front-door-replacement-near-you,Service Area Pages
https://www.improveitmd.com/services/maryland-gutter-guards-gutters-near-you,Service Area Pages
https://www.improveitmd.com/services/maryland-roofing-company-near-you,Service Area Pages
https://www.improveitmd.com/services/maryland-siding-contractors-near-you,Service Area Pages
https://www.improveitmd.com/services/maryland-window-replacement-near-you,Service Area Pages
https://www.improveitmd.com/services/annapolis-maryland-deck-builders-near-you,Service Area Pages
https://www.improveitmd.com/services/annapolis-maryland-front-door-replacement-near-you,Service Area Pages
https://www.improveitmd.com/services/annapolis-maryland-gutter-guards-gutters-near-you,Service Area Pages
https://www.improveitmd.com/services/annapolis-maryland-roofing-company-near-you,Service Area Pages
https://www.improveitmd.com/services/annapolis-maryland-siding-contractors-near-you,Service Area Pages
https://www.improveitmd.com/services/annapolis-maryland-window-replacement-near-you,Service Area Pages
https://www.improveitmd.com/services/arnold-maryland-deck-builders-near-you,Service Area Pages
https://www.improveitmd.com/services/arnold-maryland-front-door-replacement-near-you,Service Area Pages
https://www.improveitmd.com/services/arnold-maryland-gutter-guards-gutters-near-you,Service Area Pages
https://www.improveitmd.com/services/arnold-maryland-roofing-company-near-you,Service Area Pages
https://www.improveitmd.com/services/arnold-maryland-siding-contractors-near-you,Service Area Pages
https://www.improveitmd.com/services/arnold-maryland-window-replacement-near-you,Service Area Pages
https://www.improveitmd.com/services/baltimore-maryland-flat-roofing-company-near-you,Service Area Pages
https://www.improveitmd.com/services/baltimore-maryland-front-door-replacement-near-you,Service Area Pages
https://www.improveitmd.com/services/beltsville-maryland-deck-builders-near-you,Service Area Pages
https://www.improveitmd.com/services/beltsville-maryland-gutter-guards-gutters-near-you,Service Area Pages
https://www.improveitmd.com/services/beltsville-maryland-roofing-company-near-you,Service Area Pages
https://www.improveitmd.com/services/beltsville-maryland-siding-contractors-near-you,Service Area Pages
https://www.improveitmd.com/services/beltsville-maryland-window-replacement-near-you,Service Area Pages
https://www.improveitmd.com/services/bethesda-maryland-deck-builders-near-you,Service Area Pages
https://www.improveitmd.com/services/bethesda-maryland-front-door-replacement-near-you,Service Area Pages
https://www.improveitmd.com/services/bethesda-maryland-gutter-guards-gutters-near-you,Service Area Pages
https://www.improveitmd.com/services/bethesda-maryland-roofing-company-near-you,Service Area Pages
https://www.improveitmd.com/services/bethesda-maryland-siding-contractors-near-you,Service Area Pages
https://www.improveitmd.com/services/bethesda-maryland-window-replacement-near-you,Service Area Pages
https://www.improveitmd.com/services/bowie-maryland-deck-builders-near-you,Service Area Pages
https://www.improveitmd.com/services/bowie-maryland-front-door-replacement-near-you,Service Area Pages
https://www.improveitmd.com/services/bowie-maryland-gutter-guards-gutters-near-you,Service Area Pages
https://www.improveitmd.com/services/bowie-maryland-roofing-company-near-you,Service Area Pages
https://www.improveitmd.com/services/bowie-maryland-siding-contractors-near-you,Service Area Pages
https://www.improveitmd.com/services/bowie-maryland-window-replacement-near-you,Service Area Pages
https://www.improveitmd.com/services/brandywine-maryland-deck-builders-near-you,Service Area Pages
https://www.improveitmd.com/services/brandywine-maryland-front-door-replacement-near-you,Service Area Pages
https://www.improveitmd.com/services/brandywine-maryland-gutter-guards-gutters-near-you,Service Area Pages
https://www.improveitmd.com/services/brandywine-maryland-roofing-company-near-you,Service Area Pages
https://www.improveitmd.com/services/brandywine-maryland-siding-contractors-near-you,Service Area Pages
https://www.improveitmd.com/services/brandywine-maryland-window-replacement-near-you,Service Area Pages
https://www.improveitmd.com/services/calverton-maryland-deck-builders-near-you,Service Area Pages
https://www.improveitmd.com/services/calverton-maryland-gutter-guards-gutters-near-you,Service Area Pages
https://www.improveitmd.com/services/calverton-maryland-roofing-company-near-you,Service Area Pages
https://www.improveitmd.com/services/calverton-maryland-siding-contractors-near-you,Service Area Pages
https://www.improveitmd.com/services/calverton-maryland-window-replacement-near-you,Service Area Pages
https://www.improveitmd.com/services/chesapeake-beach-maryland-deck-builders-near-you,Service Area Pages
https://www.improveitmd.com/services/chesapeake-beach-maryland-front-door-replacement-near-you,Service Area Pages
https://www.improveitmd.com/services/chesapeake-beach-maryland-gutter-guards-gutters-near-you,Service Area Pages
https://www.improveitmd.com/services/chesapeake-beach-maryland-roofing-company-near-you,Service Area Pages
https://www.improveitmd.com/services/chesapeake-beach-maryland-siding-contractors-near-you,Service Area Pages
https://www.improveitmd.com/services/chesapeake-beach-maryland-window-replacement-near-you,Service Area Pages
https://www.improveitmd.com/services/cheverly-maryland-deck-builders-near-you,Service Area Pages
https://www.improveitmd.com/services/cheverly-maryland-front-door-replacement-near-you,Service Area Pages
https://www.improveitmd.com/services/cheverly-maryland-gutter-guards-gutters-near-you,Service Area Pages
https://www.improveitmd.com/services/cheverly-maryland-roofing-company-near-you,Service Area Pages
https://www.improveitmd.com/services/cheverly-maryland-siding-contractors-near-you,Service Area Pages
https://www.improveitmd.com/services/cheverly-maryland-window-replacement-near-you,Service Area Pages
https://www.improveitmd.com/services/chevy-chase-maryland-front-door-replacement-near-you,Service Area Pages
https://www.improveitmd.com/services/clarksburg-maryland-deck-builders-near-you,Service Area Pages
https://www.improveitmd.com/services/clarksburg-maryland-front-door-replacement-near-you,Service Area Pages
https://www.improveitmd.com/services/clarksburg-maryland-gutter-guards-gutters-near-you,Service Area Pages
https://www.improveitmd.com/services/clarksburg-maryland-roofing-company-near-you,Service Area Pages
https://www.improveitmd.com/services/clarksburg-maryland-siding-contractors-near-you,Service Area Pages
https://www.improveitmd.com/services/clarksburg-maryland-window-replacement-near-you,Service Area Pages
https://www.improveitmd.com/services/clinton-maryland-deck-builders-near-you,Service Area Pages
https://www.improveitmd.com/services/clinton-maryland-gutter-guards-gutters-near-you,Service Area Pages
https://www.improveitmd.com/services/clinton-maryland-roofing-company-near-you,Service Area Pages
https://www.improveitmd.com/services/clinton-maryland-siding-contractors-near-you,Service Area Pages
https://www.improveitmd.com/services/clinton-maryland-window-replacement-near-you,Service Area Pages
https://www.improveitmd.com/services/college-park-maryland-deck-builders-near-you,Service Area Pages
https://www.improveitmd.com/services/college-park-maryland-front-door-replacement-near-you,Service Area Pages
https://www.improveitmd.com/services/college-park-maryland-gutter-guards-gutters-near-you,Service Area Pages
https://www.improveitmd.com/services/college-park-maryland-roofing-company-near-you,Service Area Pages
https://www.improveitmd.com/services/college-park-maryland-siding-contractors-near-you,Service Area Pages
https://www.improveitmd.com/services/college-park-maryland-window-replacement-near-you,Service Area Pages
https://www.improveitmd.com/services/columbia-maryland-deck-builders-near-you,Service Area Pages
https://www.improveitmd.com/services/columbia-maryland-front-door-replacement-near-you,Service Area Pages
https://www.improveitmd.com/services/columbia-maryland-gutter-guards-gutters-near-you,Service Area Pages
https://www.improveitmd.com/services/columbia-maryland-roofing-company-near-you,Service Area Pages
https://www.improveitmd.com/services/columbia-maryland-siding-contractors-near-you,Service Area Pages
https://www.improveitmd.com/services/columbia-maryland-window-replacement-near-you,Service Area Pages
https://www.improveitmd.com/services/crofton-maryland-deck-builders-near-you,Service Area Pages
https://www.improveitmd.com/services/crofton-maryland-front-door-replacement-near-you,Service Area Pages
https://www.improveitmd.com/services/crofton-maryland-gutter-guards-gutters-near-you,Service Area Pages
https://www.improveitmd.com/services/crofton-maryland-roofing-company-near-you,Service Area Pages
https://www.improveitmd.com/services/crofton-maryland-siding-contractors-near-you,Service Area Pages
https://www.improveitmd.com/services/crofton-maryland-window-replacement-near-you,Service Area Pages
https://www.improveitmd.com/services/crownsville-maryland-deck-builders-near-you,Service Area Pages
https://www.improveitmd.com/services/crownsville-maryland-front-door-replacement-near-you,Service Area Pages
https://www.improveitmd.com/services/crownsville-maryland-gutter-guards-gutters-near-you,Service Area Pages
https://www.improveitmd.com/services/crownsville-maryland-roofing-company-near-you,Service Area Pages
https://www.improveitmd.com/services/crownsville-maryland-siding-contractors-near-you,Service Area Pages
https://www.improveitmd.com/services/crownsville-maryland-window-replacement-near-you,Service Area Pages
https://www.improveitmd.com/services/damascus-maryland-front-door-replacement-near-you,Service Area Pages
https://www.improveitmd.com/services/davidsonville-maryland-deck-builders-near-you,Service Area Pages
https://www.improveitmd.com/services/davidsonville-maryland-front-door-replacement-near-you,Service Area Pages
https://www.improveitmd.com/services/davidsonville-maryland-gutter-guards-gutters-near-you,Service Area Pages
https://www.improveitmd.com/services/davidsonville-maryland-roofing-company-near-you,Service Area Pages
https://www.improveitmd.com/services/davidsonville-maryland-siding-contractors-near-you,Service Area Pages
https://www.improveitmd.com/services/davidsonville-maryland-window-replacement-near-you,Service Area Pages
https://www.improveitmd.com/services/deale-maryland-deck-builders-near-you,Service Area Pages
https://www.improveitmd.com/services/deale-maryland-front-door-replacement-near-you,Service Area Pages
https://www.improveitmd.com/services/deale-maryland-gutter-guards-gutters-near-you,Service Area Pages
https://www.improveitmd.com/services/deale-maryland-roofing-company-near-you,Service Area Pages
https://www.improveitmd.com/services/deale-maryland-siding-contractors-near-you,Service Area Pages
https://www.improveitmd.com/services/deale-maryland-window-replacement-near-you,Service Area Pages
https://www.improveitmd.com/services/deck-builder-owings-mills-md,Service Area Pages
https://www.improveitmd.com/services/district-heights-maryland-deck-builders-near-you,Service Area Pages
https://www.improveitmd.com/services/district-heights-maryland-gutter-guards-gutters-near-you,Service Area Pages
https://www.improveitmd.com/services/district-heights-maryland-siding-contractors-near-you,Service Area Pages
https://www.improveitmd.com/services/district-heights-maryland-window-replacement-near-you,Service Area Pages
https://www.improveitmd.com/services/dunkirk-maryland-deck-builders-near-you,Service Area Pages
https://www.improveitmd.com/services/dunkirk-maryland-gutter-guards-gutters-near-you,Service Area Pages
https://www.improveitmd.com/services/dunkirk-maryland-roofing-company-near-you,Service Area Pages
https://www.improveitmd.com/services/dunkirk-maryland-siding-contractors-near-you,Service Area Pages
https://www.improveitmd.com/services/dunkirk-maryland-window-replacement-near-you,Service Area Pages
https://www.improveitmd.com/services/edgewater-maryland-deck-builders-near-you,Service Area Pages
https://www.improveitmd.com/services/edgewater-maryland-front-door-replacement-near-you,Service Area Pages
https://www.improveitmd.com/services/edgewater-maryland-gutter-guards-gutters-near-you,Service Area Pages
https://www.improveitmd.com/services/edgewater-maryland-roofing-company-near-you,Service Area Pages
https://www.improveitmd.com/services/edgewater-maryland-siding-contractors-near-you,Service Area Pages
https://www.improveitmd.com/services/edgewater-maryland-window-replacement-near-you,Service Area Pages
https://www.improveitmd.com/services/ellicott-city-maryland-deck-builders-near-you,Service Area Pages
https://www.improveitmd.com/services/ellicott-city-maryland-front-door-replacement-near-you,Service Area Pages
https://www.improveitmd.com/services/ellicott-city-maryland-gutter-guards-gutters-near-you,Service Area Pages
https://www.improveitmd.com/services/ellicott-city-maryland-roofing-company-near-you,Service Area Pages
https://www.improveitmd.com/services/ellicott-city-maryland-siding-contractors-near-you,Service Area Pages
https://www.improveitmd.com/services/ellicott-city-maryland-window-replacement-near-you,Service Area Pages
https://www.improveitmd.com/services/fort-meade-maryland-deck-builders-near-you,Service Area Pages
https://www.improveitmd.com/services/fort-meade-maryland-gutter-guards-gutters-near-you,Service Area Pages
https://www.improveitmd.com/services/fort-meade-maryland-roofing-company-near-you,Service Area Pages
https://www.improveitmd.com/services/fort-meade-maryland-siding-contractors-near-you,Service Area Pages
https://www.improveitmd.com/services/fort-meade-maryland-window-replacement-near-you,Service Area Pages
https://www.improveitmd.com/services/fort-washington-maryland-deck-builders-near-you,Service Area Pages
https://www.improveitmd.com/services/fort-washington-maryland-front-door-replacement-near-you,Service Area Pages
https://www.improveitmd.com/services/fort-washington-maryland-gutter-guards-gutters-near-you,Service Area Pages
https://www.improveitmd.com/services/fort-washington-maryland-roofing-company-near-you,Service Area Pages
https://www.improveitmd.com/services/fort-washington-maryland-siding-contractors-near-you,Service Area Pages
https://www.improveitmd.com/services/fort-washington-maryland-window-replacement-near-you,Service Area Pages
https://www.improveitmd.com/services/frederick-maryland-deck-builders-near-you,Service Area Pages
https://www.improveitmd.com/services/frederick-maryland-front-door-replacement-near-you,Service Area Pages
https://www.improveitmd.com/services/frederick-maryland-gutter-guards-gutters-near-you,Service Area Pages
https://www.improveitmd.com/services/frederick-maryland-roofing-company-near-you,Service Area Pages
https://www.improveitmd.com/services/frederick-maryland-siding-contractors-near-you,Service Area Pages
https://www.improveitmd.com/services/frederick-maryland-window-replacement-near-you,Service Area Pages
https://www.improveitmd.com/services/gaithersburg-maryland-deck-builders-near-you,Service Area Pages
https://www.improveitmd.com/services/gaithersburg-maryland-front-door-replacement-near-you,Service Area Pages
https://www.improveitmd.com/services/gaithersburg-maryland-gutter-guards-gutters-near-you,Service Area Pages
https://www.improveitmd.com/services/gaithersburg-maryland-roofing-company-near-you,Service Area Pages
https://www.improveitmd.com/services/gaithersburg-maryland-siding-contractors-near-you,Service Area Pages
https://www.improveitmd.com/services/gaithersburg-maryland-window-replacement-near-you,Service Area Pages
https://www.improveitmd.com/services/galesville-maryland-siding-contractors-near-you,Service Area Pages
https://www.improveitmd.com/services/gambrills-maryland-deck-builders-near-you,Service Area Pages
https://www.improveitmd.com/services/gambrills-maryland-front-door-replacement-near-you,Service Area Pages
https://www.improveitmd.com/services/gambrills-maryland-gutter-guards-gutters-near-you,Service Area Pages
https://www.improveitmd.com/services/gambrills-maryland-roofing-company-near-you,Service Area Pages
https://www.improveitmd.com/services/gambrills-maryland-siding-contractors-near-you,Service Area Pages
https://www.improveitmd.com/services/gambrills-maryland-window-replacement-near-you,Service Area Pages
https://www.improveitmd.com/services/germantown-maryland-deck-builders-near-you,Service Area Pages
https://www.improveitmd.com/services/germantown-maryland-front-door-replacement-near-you,Service Area Pages
https://www.improveitmd.com/services/germantown-maryland-gutter-guards-gutters-near-you,Service Area Pages
https://www.improveitmd.com/services/germantown-maryland-roofing-company-near-you,Service Area Pages
https://www.improveitmd.com/services/germantown-maryland-siding-contractors-near-you,Service Area Pages
https://www.improveitmd.com/services/germantown-maryland-window-replacement-near-you,Service Area Pages
https://www.improveitmd.com/services/glen-burnie-maryland-deck-builders-near-you,Service Area Pages
https://www.improveitmd.com/services/glen-burnie-maryland-gutter-guards-gutters-near-you,Service Area Pages
https://www.improveitmd.com/services/glen-burnie-maryland-roofing-company-near-you,Service Area Pages
https://www.improveitmd.com/services/glen-burnie-maryland-siding-contractors-near-you,Service Area Pages
https://www.improveitmd.com/services/glen-burnie-maryland-window-replacement-near-you,Service Area Pages
https://www.improveitmd.com/services/glenn-dale-maryland-deck-builders-near-you,Service Area Pages
https://www.improveitmd.com/services/glenn-dale-maryland-gutter-guards-gutters-near-you,Service Area Pages
https://www.improveitmd.com/services/glenn-dale-maryland-roofing-company-near-you,Service Area Pages
https://www.improveitmd.com/services/glenn-dale-maryland-siding-contractors-near-you,Service Area Pages
https://www.improveitmd.com/services/glenn-dale-maryland-window-replacement-near-you,Service Area Pages
https://www.improveitmd.com/services/glenwood-maryland-front-door-replacement-near-you,Service Area Pages
https://www.improveitmd.com/services/greenbelt-maryland-deck-builders-near-you,Service Area Pages
https://www.improveitmd.com/services/greenbelt-maryland-gutter-guards-gutters-near-you,Service Area Pages
https://www.improveitmd.com/services/greenbelt-maryland-roofing-company-near-you,Service Area Pages
https://www.improveitmd.com/services/greenbelt-maryland-siding-contractors-near-you,Service Area Pages
https://www.improveitmd.com/services/greenbelt-maryland-window-replacement-near-you,Service Area Pages
https://www.improveitmd.com/services/harwood-maryland-deck-builders-near-you,Service Area Pages
https://www.improveitmd.com/services/harwood-maryland-front-door-replacement-near-you,Service Area Pages
https://www.improveitmd.com/services/harwood-maryland-gutter-guards-gutters-near-you,Service Area Pages
https://www.improveitmd.com/services/harwood-maryland-roofing-company-near-you,Service Area Pages
https://www.improveitmd.com/services/harwood-maryland-siding-contractors-near-you,Service Area Pages
https://www.improveitmd.com/services/harwood-maryland-window-replacement-near-you,Service Area Pages
https://www.improveitmd.com/services/hyattsville-maryland-deck-builders-near-you,Service Area Pages
https://www.improveitmd.com/services/hyattsville-maryland-gutter-guards-gutters-near-you,Service Area Pages
https://www.improveitmd.com/services/hyattsville-maryland-siding-contractors-near-you,Service Area Pages
https://www.improveitmd.com/services/hyattsville-maryland-window-replacement-near-you,Service Area Pages
https://www.improveitmd.com/services/jessup-maryland-gutter-guards-gutters-near-you,Service Area Pages
https://www.improveitmd.com/services/jessup-maryland-roofing-company-near-you,Service Area Pages
https://www.improveitmd.com/services/lanham-maryland-deck-builders-near-you,Service Area Pages
https://www.improveitmd.com/services/lanham-maryland-gutter-guards-gutters-near-you,Service Area Pages
https://www.improveitmd.com/services/lanham-maryland-roofing-company-near-you,Service Area Pages
https://www.improveitmd.com/services/lanham-maryland-siding-contractors-near-you,Service Area Pages
https://www.improveitmd.com/services/lanham-maryland-window-replacement-near-you,Service Area Pages
https://www.improveitmd.com/services/laurel-maryland-deck-builders-near-you,Service Area Pages
https://www.improveitmd.com/services/laurel-maryland-front-door-replacement-near-you,Service Area Pages
https://www.improveitmd.com/services/laurel-maryland-gutter-guards-gutters-near-you,Service Area Pages
https://www.improveitmd.com/services/laurel-maryland-roofing-company-near-you,Service Area Pages
https://www.improveitmd.com/services/laurel-maryland-siding-contractors-near-you,Service Area Pages
https://www.improveitmd.com/services/laurel-maryland-window-replacement-near-you,Service Area Pages
https://www.improveitmd.com/services/linthicum-heights-maryland-roofing-company-near-you,Service Area Pages
https://www.improveitmd.com/services/linthicum-heights-maryland-window-replacement-near-you,Service Area Pages
https://www.improveitmd.com/services/lothian-maryland-deck-builders-near-you,Service Area Pages
https://www.improveitmd.com/services/lothian-maryland-gutter-guards-gutters-near-you,Service Area Pages
https://www.improveitmd.com/services/lothian-maryland-roofing-company-near-you,Service Area Pages
https://www.improveitmd.com/services/lothian-maryland-siding-contractors-near-you,Service Area Pages
https://www.improveitmd.com/services/lothian-maryland-window-replacement-near-you,Service Area Pages
https://www.improveitmd.com/services/millersville-maryland-deck-builders-near-you,Service Area Pages
https://www.improveitmd.com/services/millersville-maryland-front-door-replacement-near-you,Service Area Pages
https://www.improveitmd.com/services/millersville-maryland-roofing-company-near-you,Service Area Pages
https://www.improveitmd.com/services/millersville-maryland-siding-contractors-near-you,Service Area Pages
https://www.improveitmd.com/services/millersville-maryland-window-replacement-near-you,Service Area Pages
https://www.improveitmd.com/services/mitchellville-maryland-deck-builders-near-you,Service Area Pages
https://www.improveitmd.com/services/mitchellville-maryland-front-door-replacement-near-you,Service Area Pages
https://www.improveitmd.com/services/mitchellville-maryland-gutter-guards-gutters-near-you,Service Area Pages
https://www.improveitmd.com/services/mitchellville-maryland-window-replacement-near-you,Service Area Pages
https://www.improveitmd.com/services/mitchelville-maryland-roofing-company-near-you,Service Area Pages
https://www.improveitmd.com/services/mitchelville-maryland-siding-contractors-near-you,Service Area Pages
https://www.improveitmd.com/services/montgomery-village-maryland-deck-builders-near-you,Service Area Pages
https://www.improveitmd.com/services/montgomery-village-maryland-front-door-replacement-near-you,Service Area Pages
https://www.improveitmd.com/services/montgomery-village-maryland-gutter-guards-gutters-near-you,Service Area Pages
https://www.improveitmd.com/services/montgomery-village-maryland-roofing-company-near-you,Service Area Pages
https://www.improveitmd.com/services/montgomery-village-maryland-siding-contractors-near-you,Service Area Pages
https://www.improveitmd.com/services/montgomery-village-maryland-window-replacement-near-you,Service Area Pages
https://www.improveitmd.com/services/mount-airy-maryland-front-door-replacement-near-you,Service Area Pages
https://www.improveitmd.com/services/mount-airy-maryland-roofing-company-near-you,Service Area Pages
https://www.improveitmd.com/services/mount-airy-maryland-window-replacement-near-you,Service Area Pages
https://www.improveitmd.com/services/new-carrollton-maryland-deck-builders-near-you,Service Area Pages
https://www.improveitmd.com/services/new-carrollton-maryland-gutter-guards-gutters-near-you,Service Area Pages
https://www.improveitmd.com/services/new-carrollton-maryland-siding-contractors-near-you,Service Area Pages
https://www.improveitmd.com/services/new-carrollton-maryland-window-replacement-near-you,Service Area Pages
https://www.improveitmd.com/services/odenton-maryland-deck-builders-near-you,Service Area Pages
https://www.improveitmd.com/services/odenton-maryland-gutter-guards-gutters-near-you,Service Area Pages
https://www.improveitmd.com/services/odenton-maryland-roofing-company-near-you,Service Area Pages
https://www.improveitmd.com/services/odenton-maryland-siding-contractors-near-you,Service Area Pages
https://www.improveitmd.com/services/odenton-maryland-window-replacement-near-you,Service Area Pages
https://www.improveitmd.com/services/olney-maryland-deck-builders-near-you,Service Area Pages
https://www.improveitmd.com/services/olney-maryland-front-door-replacement-near-you,Service Area Pages
https://www.improveitmd.com/services/olney-maryland-gutter-guards-gutters-near-you,Service Area Pages
https://www.improveitmd.com/services/olney-maryland-roofing-company-near-you,Service Area Pages
https://www.improveitmd.com/services/olney-maryland-siding-contractors-near-you,Service Area Pages
https://www.improveitmd.com/services/olney-maryland-window-replacement-near-you,Service Area Pages
https://www.improveitmd.com/services/owings-maryland-deck-builders-near-you,Service Area Pages
https://www.improveitmd.com/services/owings-maryland-gutter-guards-gutters-near-you,Service Area Pages
https://www.improveitmd.com/services/owings-maryland-siding-contractors-near-you,Service Area Pages
https://www.improveitmd.com/services/owings-maryland-window-replacement-near-you,Service Area Pages
https://www.improveitmd.com/services/owings-mills-maryland-front-door-replacement-near-you,Service Area Pages
https://www.improveitmd.com/services/owings-mills-maryland-roofing-company-near-you,Service Area Pages
https://www.improveitmd.com/services/owings-mills-maryland-window-replacement-near-you,Service Area Pages
https://www.improveitmd.com/services/oxon-hill-maryland-deck-builders-near-you,Service Area Pages
https://www.improveitmd.com/services/oxon-hill-maryland-gutter-guards-gutters-near-you,Service Area Pages
https://www.improveitmd.com/services/oxon-hill-maryland-roofing-company-near-you,Service Area Pages
https://www.improveitmd.com/services/oxon-hill-maryland-siding-contractors-near-you,Service Area Pages
https://www.improveitmd.com/services/oxon-hill-maryland-window-replacement-near-you,Service Area Pages
https://www.improveitmd.com/services/pasadena-maryland-deck-builders-near-you,Service Area Pages
https://www.improveitmd.com/services/pasadena-maryland-front-door-replacement-near-you,Service Area Pages
https://www.improveitmd.com/services/pasadena-maryland-gutter-guards-gutters-near-you,Service Area Pages
https://www.improveitmd.com/services/pasadena-maryland-roofing-company-near-you,Service Area Pages
https://www.improveitmd.com/services/pasadena-maryland-siding-contractors-near-you,Service Area Pages
https://www.improveitmd.com/services/pasadena-maryland-window-replacement-near-you,Service Area Pages
https://www.improveitmd.com/services/potomac-maryland-deck-builders-near-you,Service Area Pages
https://www.improveitmd.com/services/potomac-maryland-front-door-replacement-near-you,Service Area Pages
https://www.improveitmd.com/services/potomac-maryland-gutter-guards-gutters-near-you,Service Area Pages
https://www.improveitmd.com/services/potomac-maryland-roofing-company-near-you,Service Area Pages
https://www.improveitmd.com/services/potomac-maryland-siding-contractors-near-you,Service Area Pages
https://www.improveitmd.com/services/potomac-maryland-window-replacement-near-you,Service Area Pages
https://www.improveitmd.com/services/riva-maryland-deck-builders-near-you,Service Area Pages
https://www.improveitmd.com/services/riva-maryland-front-door-replacement-near-you,Service Area Pages
https://www.improveitmd.com/services/riva-maryland-gutter-guards-gutters-near-you,Service Area Pages
https://www.improveitmd.com/services/riva-maryland-roofing-company-near-you,Service Area Pages
https://www.improveitmd.com/services/riva-maryland-siding-contractors-near-you,Service Area Pages
https://www.improveitmd.com/services/riva-maryland-window-replacement-near-you,Service Area Pages
https://www.improveitmd.com/services/rockville-maryland-deck-builders-near-you,Service Area Pages
https://www.improveitmd.com/services/rockville-maryland-front-door-replacement-near-you,Service Area Pages
https://www.improveitmd.com/services/rockville-maryland-gutter-guards-gutters-near-you,Service Area Pages
https://www.improveitmd.com/services/rockville-maryland-roofing-company-near-you,Service Area Pages
https://www.improveitmd.com/services/rockville-maryland-siding-contractors-near-you,Service Area Pages
https://www.improveitmd.com/services/rockville-maryland-window-replacement-near-you,Service Area Pages
https://www.improveitmd.com/services/roofing-new-carrollton-md,Service Area Pages
https://www.improveitmd.com/services/severn-maryland-deck-builders-near-you,Service Area Pages
https://www.improveitmd.com/services/severn-maryland-front-door-replacement-near-you,Service Area Pages
https://www.improveitmd.com/services/severn-maryland-gutter-guards-gutters-near-you,Service Area Pages
https://www.improveitmd.com/services/severn-maryland-roofing-company-near-you,Service Area Pages
https://www.improveitmd.com/services/severn-maryland-siding-contractors-near-you,Service Area Pages
https://www.improveitmd.com/services/severn-maryland-window-replacement-near-you,Service Area Pages
https://www.improveitmd.com/services/severna-park-maryland-deck-builders-near-you,Service Area Pages
https://www.improveitmd.com/services/severna-park-maryland-front-door-replacement-near-you,Service Area Pages
https://www.improveitmd.com/services/severna-park-maryland-gutter-guards-gutters-near-you,Service Area Pages
https://www.improveitmd.com/services/severna-park-maryland-roofing-company-near-you,Service Area Pages
https://www.improveitmd.com/services/severna-park-maryland-siding-contractors-near-you,Service Area Pages
https://www.improveitmd.com/services/severna-park-maryland-window-replacement-near-you,Service Area Pages
https://www.improveitmd.com/services/shady-side-maryland-deck-builders-near-you,Service Area Pages
https://www.improveitmd.com/services/shady-side-maryland-front-door-replacement-near-you,Service Area Pages
https://www.improveitmd.com/services/shady-side-maryland-gutter-guards-gutters-near-you,Service Area Pages
https://www.improveitmd.com/services/shady-side-maryland-roofing-company-near-you,Service Area Pages
https://www.improveitmd.com/services/shady-side-maryland-siding-contractors-near-you,Service Area Pages
https://www.improveitmd.com/services/shady-side-maryland-window-replacement-near-you,Service Area Pages
https://www.improveitmd.com/services/silver-spring-maryland-deck-builders-near-you,Service Area Pages
https://www.improveitmd.com/services/silver-spring-maryland-front-door-replacement-near-you,Service Area Pages
https://www.improveitmd.com/services/silver-spring-maryland-gutter-guards-gutters-near-you,Service Area Pages
https://www.improveitmd.com/services/silver-spring-maryland-roofing-company-near-you,Service Area Pages
https://www.improveitmd.com/services/silver-spring-maryland-siding-contractors-near-you,Service Area Pages
https://www.improveitmd.com/services/silver-spring-maryland-window-replacement-near-you,Service Area Pages
https://www.improveitmd.com/services/stevensville-maryland-deck-builders-near-you,Service Area Pages
https://www.improveitmd.com/services/stevensville-maryland-front-door-replacement-near-you,Service Area Pages
https://www.improveitmd.com/services/stevensville-maryland-gutter-guards-gutters-near-you,Service Area Pages
https://www.improveitmd.com/services/stevensville-maryland-roofing-company-near-you,Service Area Pages
https://www.improveitmd.com/services/stevensville-maryland-siding-contractors-near-you,Service Area Pages
https://www.improveitmd.com/services/stevensville-maryland-window-replacement-near-you,Service Area Pages
https://www.improveitmd.com/services/takoma-park-maryland-front-door-replacement-near-you,Service Area Pages
https://www.improveitmd.com/services/upper-marlboro-maryland-deck-builders-near-you,Service Area Pages
https://www.improveitmd.com/services/upper-marlboro-maryland-front-door-replacement-near-you,Service Area Pages
https://www.improveitmd.com/services/upper-marlboro-maryland-gutter-guards-gutters-near-you,Service Area Pages
https://www.improveitmd.com/services/upper-marlboro-maryland-roofing-company-near-you,Service Area Pages
https://www.improveitmd.com/services/upper-marlboro-maryland-siding-contractors-near-you,Service Area Pages
https://www.improveitmd.com/services/upper-marlboro-maryland-window-replacement-near-you,Service Area Pages
https://www.improveitmd.com/services/waldorf-maryland-deck-builders-near-you,Service Area Pages
https://www.improveitmd.com/services/waldorf-maryland-front-door-replacement-near-you,Service Area Pages
https://www.improveitmd.com/services/waldorf-maryland-gutter-guards-gutters-near-you,Service Area Pages
https://www.improveitmd.com/services/waldorf-maryland-roofing-company-near-you,Service Area Pages
https://www.improveitmd.com/services/waldorf-maryland-siding-contractors-near-you,Service Area Pages
https://www.improveitmd.com/services/waldorf-maryland-window-replacement-near-you,Service Area Pages
https://www.improveitmd.com/services/washington-dc-commercial-roofing-contractors-near-you,Service Area Pages
https://www.improveitmd.com/services/washington-dc-deck-builders-near-you,Service Area Pages
https://www.improveitmd.com/services/washington-dc-flat-roofing-company-near-you,Service Area Pages
https://www.improveitmd.com/services/washington-dc-gutter-guards-gutters-near-you,Service Area Pages
https://www.improveitmd.com/services/washington-dc-roofing-company-near-you,Service Area Pages
https://www.improveitmd.com/services/washington-dc-siding-contractors-near-you,Service Area Pages
https://www.improveitmd.com/services/washington-dc-window-replacement-near-you,Service Area Pages
https://www.improveitmd.com/services/wheaton-maryland-deck-builders-near-you,Service Area Pages
https://www.improveitmd.com/services/wheaton-maryland-front-door-replacement-near-you,Service Area Pages
https://www.improveitmd.com/services/wheaton-maryland-gutter-guards-gutters-near-you,Service Area Pages
https://www.improveitmd.com/services/wheaton-maryland-roofing-company-near-you,Service Area Pages
https://www.improveitmd.com/services/wheaton-maryland-siding-contractors-near-you,Service Area Pages
https://www.improveitmd.com/services/wheaton-maryland-window-replacement-near-you,Service Area Pages